식당이름,메뉴1,메뉴2,메뉴3,메뉴4,메뉴5,메뉴6,메뉴7,메뉴8,메뉴9,메뉴10,메뉴11,메뉴12,메뉴13,메뉴14,메뉴15,메뉴16,메뉴17,메뉴18,메뉴19,메뉴20,메뉴21,메뉴22,메뉴23,메뉴24,메뉴25,메뉴26,메뉴27,메뉴28,메뉴29,메뉴30,메뉴31,메뉴32,메뉴33,메뉴34,메뉴35,메뉴36,메뉴37,메뉴38,메뉴39,메뉴40,메뉴41,메뉴42,메뉴43,메뉴44,메뉴45,메뉴46,메뉴47,메뉴48,메뉴49,메뉴50,메뉴51,메뉴52,메뉴53,메뉴54,메뉴55,메뉴56,메뉴57,메뉴58,메뉴59,메뉴60,메뉴61,메뉴62,메뉴63,메뉴64,메뉴65,메뉴66,메뉴67,메뉴68,메뉴69,메뉴70,메뉴71,메뉴72,메뉴73,메뉴74,메뉴75,메뉴76,메뉴77,메뉴78,메뉴79,메뉴80,메뉴81,메뉴82,메뉴83,메뉴84,메뉴85
201호,프렌치 토스트 플래터(19000원),프리타타 플래터(19000원),로제 리조또(17000원),루꼴라 오일 파스타(17000원),감베리 크림파스타(17000원),투움바 리조또(17000원),엑설런트 츄러스(13000원),라떼슈페너(6000원),,,,,,,,,,,,,,,,,,,,,,,,,,,,,,,,,,,,,,,,,,,,,,,,,,,,,,,,,,,,,,,,,,,,,,,,,,,,,
37.5 시그니처 성수,베리베리 프렌치 토스트(16900원),정통 미국식 브런치(18900원),명란 오일 파스타(19900원),트러플 치킨 크림 리조또(20900원),스파이시 라구 리가토니 파스타(19900원),스테이크 크림 파스타(20900원),채끝 등심 스테이크(39900원),리코타 샐러드 피자(19900원),비프 콜드 누들 샐러드(17900원),콥 샐러드(18900원),시그니처 브런치 set(39900원),시그니처 스테이크 set(69900원),시그니처 맥주 set(37900원),얼그레이 크림 프렌치 토스트(16900원),통새우 버거(17900원),,,,,,,,,,,,,,,,,,,,,,,,,,,,,,,,,,,,,,,,,,,,,,,,,,,,,,,,,,,,,,,,,,,,,,
ATE 성수,치킨케밥(11000원),새우부리또(12000원),치킨케사디아(10000원),쉬림프케사디아(11000원),햄케사디아(9000원),ATE핫도그(8800원),아메리카노(4000원),후렌치후라이(5800원),나초(5800원),후렌치후라이&나초(9800원),,,,,,,,,,,,,,,,,,,,,,,,,,,,,,,,,,,,,,,,,,,,,,,,,,,,,,,,,,,,,,,,,,,,,,,,,,,
bd버거 성수,BUTTER GARLIC FRIESN(6900원),bd WASABI SHRIMP인기대표(11400원),CHEONGYANG-MAYO BULGOGI인기(10900원),bd GRILLED SHRIMP AVOCADO인기대표(12900원),bd WASABI SHRIMP set인기대표(16900원),bd EGGPLANT FRIES인기대표(6900원),bd GRILLED SHRIMP AVOCADO set대표(18400원),bd WASABI SHRIMP set인기대표(16900원),bd GRILLED SHRIMP AVOCADO인기대표(12900원),bd WASABI SHRIMP인기대표(11400원),bd EGGPLANT FRIES인기대표(6900원),bd MILKSHAKE대표(4900원),CHEESE FRIES(5900원),CORN SALAD(1900원),ORIGINAL FRIES(4900원),bd EGGPLANT FRIES인기대표(6900원),BUTTER GARLIC FRIESN(6900원),MUSHROOM FRIES(7900원),SPRITE(3000원),ZERO COKE(3000원),COCA COLA(3000원),bd MILKSHAKE대표(4900원),ZERO SPRITE(3000원),HOEGAARDEN(5900원),BUDWEISER(5900원),SRIRACHA SHRIMP(13400원),PRETTY HOT SHRIMP매운맛1단계(13400원),[BIG SIZE]WASABI SHRIMP(13400원),bd GRILLED SHRIMP AVOCADO인기대표(12900원),CHEONGYANG-MAYO BULGOGI인기(10900원),bd WASABI SHRIMP인기대표(11400원),PRETTY HOT SHRIMP set(18900원),CHEONGYANG MAYO BULGOGI set(16400원),SRIRACHA SHRIMP set(18900원),[BIG SIZE]WASABI SHRIMP set(18900원),bd WASABI SHRIMP set인기대표(16900원),bd GRILLED SHRIMP AVOCADO set대표(18400원),,,,,,,,,,,,,,,,,,,,,,,,,,,,,,,,,,,,,,,,,,,,,,,,
Bored&Hungry,OG Champion Burger(11900원),Big Shrimp O.G(11900원),Mutant Big Shrimp(11900원),Classic chs single(8900원),Classic chs double(12900원),B.L.T.J single(11900원),B.L.T.J double(15900원),P.B.B double(11900원),P.B.B Triple(14900원),Seasoned Fries(4000원),Butter Garlic Fries(6900원),Corn ribs(5900원),Hanwoo Hangover stew(7900원),Corn salad(2900원),Hot wings 6pc(8400원),,,,,,,,,,,,,,,,,,,,,,,,,,,,,,,,,,,,,,,,,,,,,,,,,,,,,,,,,,,,,,,,,,,,,,
ERN,벚꽃파스타(시즌메뉴)(16500원),라구 라자냐(19000원),포테이토 피자(20000원),버터치킨 파스타(19000원),나폴리탄(17000원),엔다이브 샐러드 피자(21000원),스파이시 쉬림프 오일 파스타(20000원),포르치니 크림 뇨끼(20000원),새우 세비체(15000원),하우스 스테이크(34000원),,,,,,,,,,,,,,,,,,,,,,,,,,,,,,,,,,,,,,,,,,,,,,,,,,,,,,,,,,,,,,,,,,,,,,,,,,,
HDD피자,Pepperoni(숙성 페페로니 피자)(23000원),Cheese(치즈피자)(25000원),Truffle Potato(트러풀 감자 피자)(25000원),Hot chicken(핫치킨 피자)(25000원),,,,,,,,,,,,,,,,,,,,,,,,,,,,,,,,,,,,,,,,,,,,,,,,,,,,,,,,,,,,,,,,,,,,,,,,,,,,,,,,,
가나초콜릿하우스,쁘띠 가나 디저트 플레이트(40000원),가나 초콜릿 하우스 미니 케이크(13000원),가나 갸또 쇼콜라(9500원),가나 소금 붕어빵(5000원),가나 퐁당 쇼콜라(5500원),가나 약과 소프트(5000원),가나 시가 봉봉(16000원),정키 쇼콜라(6000원),가나 커피 플롯(7000원),카카오닙스 티(5000원),레몬라임 에이드(6000원),가나 초콜릿 마티니(13000원),시칠리안 소다(13000원),캐리비안 초콜릿 온더락(13000원),,,,,,,,,,,,,,,,,,,,,,,,,,,,,,,,,,,,,,,,,,,,,,,,,,,,,,,,,,,,,,,,,,,,,,,
갓잇 성수홀리워터점,B세트 파히타 (2인추천)(39000원),C 세트 엔칠라다 (2인 추천)(39000원),A세트 갓보울 (2인 추천)(37000원),타코 세트 (3인 추천)(52000원),패밀리 세트 (4인 추천)(72000원),갓 보울(18000원),갓 파히타(23000원),갓 엔칠라다(23000원),칠리콘카르네(9000원),버팔로윙&포테이토(9000원),나쵸칩(5000원),"쉬림프타코(1pc,2pcs,3pcs)(5000원)","치킨타코(1pc,2pcs,3pcs)(5000원)","포크타코(1pc,2pcs,3pcs)(5000원)",치킨브리또(9000원),,,,,,,,,,,,,,,,,,,,,,,,,,,,,,,,,,,,,,,,,,,,,,,,,,,,,,,,,,,,,,,,,,,,,,
계월,백곰탕(10000원),홍곰탕(11000원),닭무침 (홍)(18000원),닭수육 (한정 수량)(18000원),곁들임 닭무침(8000원),곁들임 닭수육(8000원),아황주 (잔술)(3000원),,,,,,,,,,,,,,,,,,,,,,,,,,,,,,,,,,,,,,,,,,,,,,,,,,,,,,,,,,,,,,,,,,,,,,,,,,,,,,
고우성수,스테이크 솥밥(23500원),장어 솥밥(22000원),소불고기 솥밥(19500원),전복 솥밥(19000원),삼겹살 솥밥(18000원),가지 솥밥(15000원),몸보신 장어구이(2마리)(15000원),"모둠전 4종(깻잎,김치,부추,고추)(9000원)",순살 밥도둑 고등어(8500원),수제 떡갈비 튀김(8500원),,,,,,,,,,,,,,,,,,,,,,,,,,,,,,,,,,,,,,,,,,,,,,,,,,,,,,,,,,,,,,,,,,,,,,,,,,,
규카츠정 성수점,규카츠 타마고텐동정식(15000원),규카츠 정식(14000원),규카츠 카레(버터크림/매운카레)정식(16000원),규카츠 점보정식(21000원),마제타마고텐동(12000원),규카츠정 하이볼(8000원),아사히 맥주(5000원),,,,,,,,,,,,,,,,,,,,,,,,,,,,,,,,,,,,,,,,,,,,,,,,,,,,,,,,,,,,,,,,,,,,,,,,,,,,,,
까사아지오 성수본점,스텔라피자(13900원),애플시나몬 피자(12900원),피스타치오 피자(11900원),카르토치오(12900원),플렛브레드샌드위치(6900원),포카치아샌드위치(7900원),토마토치즈판체로티(4900원),라구판체로티(5300원),크림버섯아란치니3EA(9900원),라구아란치니3EA(10500원),크림소스모듬파스타(7900원),라구소스리가토니파스타(7900원),리얼카르보나라(13500원),크림뇨끼파스타(13900원),토마토해물스파게티(13900원),,,,,,,,,,,,,,,,,,,,,,,,,,,,,,,,,,,,,,,,,,,,,,,,,,,,,,,,,,,,,,,,,,,,,,
깔리뇨타코,밀 또띠아 치킨 팅가 타코매운맛2단계N(9500원),치즈 또띠아 치킨 팅가 타코매운맛2단계N(10000원),치즈 또띠아 (포크) 알 파스토르 타코매운맛3단계N(10000원),밀 또띠아 (포크) 알 파스토르 타코매운맛3단계N(9500원),치즈 또띠아 (비프) 까르네 아사다 타코 2pcs매운맛2단계N(12000원),밀 또띠아 (비프) 카르네 아사다 타코 2pcs매운맛2단계N(11500원),치즈 또띠아 폭축 타코 2pcs매운맛2단계N(10000원),밀 또띠아 폭축 타코 2pcs매운맛2단계N(9500원),치즈 또띠아 치킨 아보 데 포요 2pN(10500원),밀 또띠아 치킨 아보 데 포요 2pN(10000원),오르차타 300ml대표(3000원),치즈 또띠아 치킨 팅가 타코매운맛2단계N(10000원),치즈 또띠아 새우 타코(13000원),치즈 또띠아 (포크) 알 파스토르 타코매운맛3단계N(10000원),치즈 또띠아 (비프) 까르네 아사다 타코 2pcs매운맛2단계N(12000원),치즈 또띠아 폭축 타코 2pcs매운맛2단계N(10000원),치즈 또띠아 치킨 아보 데 포요 2pN(10500원),밀 또띠아 치킨 팅가 타코매운맛2단계N(9500원),밀 또띠아 새우 타코(12500원),밀 또띠아 (포크) 알 파스토르 타코매운맛3단계N(9500원),밀 또띠아 (비프) 카르네 아사다 타코 2pcs매운맛2단계N(11500원),밀 또띠아 폭축 타코 2pcs매운맛2단계N(9500원),밀 또띠아 치킨 아보 데 포요 2pN(10000원),과카몰리(2000원),닭안심 퀘사디아매운맛2단계(14000원),포크 퀘사디아매운맛2단계(14000원),오르차타 300ml대표(3000원),코카 콜라(2000원),코카 콜라 제로(2000원),스프라이트(2000원),도스 에퀴스 라거(7000원),산펠레그리노 탄산수 220ml(2000원),산펠레그리노 오렌지 탄산수 330ml(2500원),,,,,,,,,,,,,,,,,,,,,,,,,,,,,,,,,,,,,,,,,,,,,,,,,,,,
꾸아 성수점,왕갈비 쌀국수(15000원),반세오(28000원),직화쌀국수(10500원),분짜(18000원),고기듬뿍 쌀국수(13000원),매콤 왕갈비 쌀국수(16000원),매콤 고기듬뿍 쌀국수(14000원),매콤 직화 쌀국수(11500원),껌땀(12000원),분보남보(12000원),넴(베트남 만두) 3pcs(7000원),꿔이 )1pcs(1000원),,,,,,,,,,,,,,,,,,,,,,,,,,,,,,,,,,,,,,,,,,,,,,,,,,,,,,,,,,,,,,,,,,,,,,,,,
꿉당 성수점,KOKUMI 목살(19000원),오세트라 캐비아 30g(65000원),생트러플 짜파게티(10000원),강변 외할머니 된장찌개(9000원),열라면 투움바(8000원),삼겹살(19000원),가브리살(19000원),갈매기살(19000원),항정살(19000원),꿉살(19000원),,,,,,,,,,,,,,,,,,,,,,,,,,,,,,,,,,,,,,,,,,,,,,,,,,,,,,,,,,,,,,,,,,,,,,,,,,,
난포,제철회묵은지말이(13000원),강된장쌈밥(12000원),곰국(15000원),새우감자전(19000원),돌문어간장국수(14000원),제철 회국수(14000원),전복들깨국수(16000원),문어숙회(28000원),대구전(19000원),한우수육(38000원),한우스지전골(42000원),,,,,,,,,,,,,,,,,,,,,,,,,,,,,,,,,,,,,,,,,,,,,,,,,,,,,,,,,,,,,,,,,,,,,,,,,,
누메로도스,마스카포네(20000원),스콜리오(23000원),포르치니리조또(20000원),까르보나라(18000원),마르게리따(19000원),아마트리치아나(19000원),,,,,,,,,,,,,,,,,,,,,,,,,,,,,,,,,,,,,,,,,,,,,,,,,,,,,,,,,,,,,,,,,,,,,,,,,,,,,,,
뉴믹스커피,믹스커피 오란다 COMBO(6000원),믹스커피 오리지널(2500원),녹차맛 슬러시(3500원),건빵 한 컵(2500원),떡와플(3000원),믹스커피 오리지널 아이스(2500원),군밤맛 믹스커피(3500원),볶은쌀맛 믹스커피(3500원),녹차맛 믹스커피(3500원),오리지널 슬러시(2500원),흑임자 오란다(3500원),황치즈 오란다(3500원),쿠키앤크림 오란다(3500원),오리지널 오란다(3500원),딸기 오란다(3500원),,,,,,,,,,,,,,,,,,,,,,,,,,,,,,,,,,,,,,,,,,,,,,,,,,,,,,,,,,,,,,,,,,,,,,
능동미나리 성수직영점,능동모둠수육(59000원),미나리곱창전골(58000원),능동미나리곰탕(15000원),능동육회비빔밥(15000원),능동곰탕(14000원),능동육회(27000원),미나리수육전골(48000원),능동(특)곰탕(18000원),능동접시수육(29000원),미나리꼬리찜(56000원),미나리숙회(9000원),,,,,,,,,,,,,,,,,,,,,,,,,,,,,,,,,,,,,,,,,,,,,,,,,,,,,,,,,,,,,,,,,,,,,,,,,,
니카이 우동,맵치광이 우동매운맛3단계N(13000원),석쇠 함박N(8000원),맵치광이 만두매운맛2단계N(5000원),육즙폭발 만두N(5000원),니꾸 덮밥N(4000원),잠봉크림우동대표(13000원),카케우동대표(9000원),니꾸우동대표(12000원),기린 생맥주대표(7000원),자루우동(10000원),카케우동대표(9000원),미역우동(10000원),계란우동(10000원),니꾸우동대표(12000원),잠봉크림우동대표(13000원),맵치광이 우동매운맛3단계N(13000원),잠봉카츠(10000원),가라아게(8000원),석쇠 함박N(8000원),맵치광이 만두매운맛2단계N(5000원),육즙폭발 만두N(5000원),니꾸 덮밥N(4000원),코카콜라(3000원),코카콜라 제로(3000원),칠성사이다(3000원),기린 생맥주대표(7000원),,,,,,,,,,,,,,,,,,,,,,,,,,,,,,,,,,,,,,,,,,,,,,,,,,,,,,,,,,,
다반,봄시즌 포항 회덮밥 한상(24000원),봄시즌 제주 돔베고기 한상(22000원),묵은지 감태김밥(15000원),육개 볶음 국수(15000원),성게 메밀 국수(19000원),갈비찜과 밤퓨레(38000원),루꼴라 오징어 김치전(13000원),트러플 피순대 구이(14000원),모둠전과 장아찌(31000원),한우 육회 김부각 타르트(15000원),매생이 굴 라비올리(14000원),크리스피제육(33000원),,,,,,,,,,,,,,,,,,,,,,,,,,,,,,,,,,,,,,,,,,,,,,,,,,,,,,,,,,,,,,,,,,,,,,,,,
다이닝 목로 성수점,목로 곱창전골(32000원),연어&타다끼(39000원),목로 수제 가지튀김(19000원),삿포로 생맥주(9000원),목로 미소 스키야키(28000원),크림 짬뽕탕(28000원),가마보꼬 어묵탕(28000원),바지락 술찜(23000원),우삼겹숙주볶음(24000원),차돌 떡볶이(24000원),레몬 크림새우(25000원),프리미엄 숙성 양념갈비(36000원),연어 숙성회(28000원),채끝 소고기 타다끼(26000원),치즈감자채전(19000원),,,,,,,,,,,,,,,,,,,,,,,,,,,,,,,,,,,,,,,,,,,,,,,,,,,,,,,,,,,,,,,,,,,,,,
담솥 성수점,가지 솥밥(12000원),매운 가지 솥밥(12000원),매운 가지 치즈 솥밥(14000원),스테이크 솥밥(17000원),마늘쫑 솥밥(12000원),소고기 숙주 솥밥(13000원),전복 솥밥(15000원),장어 솥밥(20000원),연어 솥밥(17000원),우삼겹스키야키(16000원),가지새우튀김 2ps(5000원),연어사시미(15000원),통새우튀김 3ps(7000원),,,,,,,,,,,,,,,,,,,,,,,,,,,,,,,,,,,,,,,,,,,,,,,,,,,,,,,,,,,,,,,,,,,,,,,,
대낚식당 성수직영점,곱도리탕(29000원),(한우)대창덮밥(12000원),대낙새전골(29000원),항정살덮밥(10000원),닭목살 고추장 덮밥(10000원),닭목살 간장 덮밥(10000원),대낙덮밥(10000원),갈비덮밥(9000원),삼낙덮밥(9000원),날치알 주먹밥(3000원),,,,,,,,,,,,,,,,,,,,,,,,,,,,,,,,,,,,,,,,,,,,,,,,,,,,,,,,,,,,,,,,,,,,,,,,,,,
대림국수 성수점,"닭껍집꼬치, 달날개튀김(900원)",꼬치국수 온면(11000원),꼬치국수 비빔면(10000원),모듬숯불꼬치(26000원),명란(5000원),빨간면(9000원),온면(8000원),냉면(7500원),비빔면(7000원),국밥(8000원),덮밥(8000원),마늘쫑차돌볶음(6000원),고기경단 (쯔꾸네)(6000원),한우대창(4500원),왕새우(4500원),,,,,,,,,,,,,,,,,,,,,,,,,,,,,,,,,,,,,,,,,,,,,,,,,,,,,,,,,,,,,,,,,,,,,,
대성갈비,돼지갈비(17000원),목살(17000원),소갈비(35000원),삼겹살(17000원),냉면(5000원),백반(8000원),등심(25000원),차돌박이(25000원),갈비살(28000원),,,,,,,,,,,,,,,,,,,,,,,,,,,,,,,,,,,,,,,,,,,,,,,,,,,,,,,,,,,,,,,,,,,,,,,,,,,,
대취,이북식 닭다리 수육(30000원),닭 구이 버섯 전골(25000원),얼큰 소고기 술국(25000원),모든오뎅탕(25000원),닭목살 고추장 볶음(22000원),애호박 새우전(20000원),우삼겹김치전(19000원),우삼겹 메밀팔도(19000원),전복 들깨 메밀면(19000원),가래떡꼬치(9000원),명란구이(13000원),알감자버터구이(10000원),들기름후라이전(6000원),미니소고기덮밥(9000원),미니명란덮밥(9000원),,,,,,,,,,,,,,,,,,,,,,,,,,,,,,,,,,,,,,,,,,,,,,,,,,,,,,,,,,,,,,,,,,,,,,
댓길함박,댓길함박정식(200g)(12900원),더블업 댓길함박정식(400g)(16900원),소스한우함박(200g)(13900원),토마토해장파스타(14900원),치킨난반(5000원),한우멘치버거(4500원),망고크림 파인애플(4000원),,,,,,,,,,,,,,,,,,,,,,,,,,,,,,,,,,,,,,,,,,,,,,,,,,,,,,,,,,,,,,,,,,,,,,,,,,,,,,
데이릿,묵은지육회마키인기(13800원),잠봉 크림 누들대표(15800원),직화 족발 누들대표(14800원),망고겨자 치킨난반대표(16800원),페퍼로니 치즈 감자전대표(18800원),데이릿 하이볼대표(9800원),잠봉 크림 누들대표(15800원),직화 족발 누들대표(14800원),바질 치킨 누들(14800원),감태 김치 순제비(13800원),마리모 라이스(13800원),묵은지육회마키인기(13800원),망고겨자 치킨난반대표(16800원),페퍼로니 치즈 감자전대표(18800원),마라 볶음 떡찜(29800원),모짜렐라 김춘권(8800원),볶음 모닝글로리(9800원),갈배 유자 에이드(6500원),데이릿 하이볼대표(9800원),클래식 하이볼(8800원),상큼 하이볼(8800원),도원결의 하이볼(8800원),,,,,,,,,,,,,,,,,,,,,,,,,,,,,,,,,,,,,,,,,,,,,,,,,,,,,,,,,,,,,,,
뚝도농원 성수본점,오겹살(기본)(18000원),가브리살(기본)(19000원),오리로스반마리(40000원),순두부찌개(9000원),된장찌개(9000원),감자밥(2인분)(7000원),뚝도 매실하이볼(9000원),뚝도 레몬진저하이볼(9000원),오리고추장주물럭(19000원),위스키하이볼(8000원),야채 모둠(5000원),,,,,,,,,,,,,,,,,,,,,,,,,,,,,,,,,,,,,,,,,,,,,,,,,,,,,,,,,,,,,,,,,,,,,,,,,,
라무라 성수,녹 (장각추가)(16500원),녹(11500원),적 닭(17500원),적 병아리(12500원),적 알(9000원),백 닭(16500원),백 병아리(11500원),백 알(8000원),흑 닭(16500원),흑 병아리(11500원),흑 알(8000원),계피만두(8500원),닭안심 유린기(8500원),,,,,,,,,,,,,,,,,,,,,,,,,,,,,,,,,,,,,,,,,,,,,,,,,,,,,,,,,,,,,,,,,,,,,,,,
루비스카페 SM성수점,브론테 버거(19000원),레몬 쉬림프 파스타(24000원),브루이스 버거(15000원),이탈리안 소세지 파스타(23000원),보드카 파스타(19000원),크리미 치킨 파스타(25000원),치킨 아보카도 샐러드(22000원),쉬림프 샐러드(19000원),,,,,,,,,,,,,,,,,,,,,,,,,,,,,,,,,,,,,,,,,,,,,,,,,,,,,,,,,,,,,,,,,,,,,,,,,,,,,
르프리크,시그니처버거(11800원),챗 포테이토(7300원),,,,,,,,,,,,,,,,,,,,,,,,,,,,,,,,,,,,,,,,,,,,,,,,,,,,,,,,,,,,,,,,,,,,,,,,,,,,,,,,,,,
리볼리,트러플버섯크림 갈레트(14000원),에그소시지 갈레트(14000원),바질토마토 갈레트(15000원),잠봉치즈 갈레트(13000원),크로와상과 쇼콜라쇼(12000원),레몬에이드(7000원),크로와상(4000원),크로와상과생버터(13000원),,,,,,,,,,,,,,,,,,,,,,,,,,,,,,,,,,,,,,,,,,,,,,,,,,,,,,,,,,,,,,,,,,,,,,,,,,,,,
리타르단도,랜치 라구 번대표(17000원),할라피뇨 크림 파스타매운맛1단계대표(15000원),미트파이(15000원),할라피뇨 크림 파스타매운맛1단계대표(15000원),베이크드 나쵸(17000원),미트볼 파스타(15000원),닭 다리살 스테이크(22000원),미니 오이(11000원),플랫 아이언 스테이크(23000원),바닐라 푸딩(10000원),그린 씨푸드 라자냐(18000원),체리 토마토(7000원),랜치 라구 번대표(17000원),치미창가 샐러드(14000원),비프 오지 버거(18000원),,,,,,,,,,,,,,,,,,,,,,,,,,,,,,,,,,,,,,,,,,,,,,,,,,,,,,,,,,,,,,,,,,,,,,
리틀포레스트,샥슈카(14000원),당근라페&후무스플레이트(11000원),샐러드 파스타(12000원),라페잠봉샌드위치(11000원),피그리코타샌드위치(11000원),페스토치킨파니니(11000원),허브마요쉬림프(12000원),차지키치킨 샌드위치(12000원),[seasonal]고구마브릴레(9000원),[주말]연어타르틴(14000원),[주말]아보카도쉬림프타르틴(13000원),부라타과일샐러드(15000원),브루잉커피(4500원),콤부차(6500원),캐롯주스(6000원),,,,,,,,,,,,,,,,,,,,,,,,,,,,,,,,,,,,,,,,,,,,,,,,,,,,,,,,,,,,,,,,,,,,,,
마리오네,톤노마레(25000원),마르게리따 +리코타(23500원),가리발디(26000원),라구 나폴레타나(22000원),,,,,,,,,,,,,,,,,,,,,,,,,,,,,,,,,,,,,,,,,,,,,,,,,,,,,,,,,,,,,,,,,,,,,,,,,,,,,,,,,
마하차이 성수본점,포크벨리 타코대표(12000원),비리야 파스타대표(17000원),스테이크 파히타대표(29000원),오르차타 하이볼대표(9500원),스모크 덕 타코(11000원),포크벨리 타코대표(12000원),베이비 스퀴드 타코(12000원),마리스코스 파스타(19000원),비리야 파스타대표(17000원),에그칠라다(17000원),스테이크 파히타대표(29000원),빅맥 프렌치토스트(16000원),몰레 플레이트(11000원),하바네로 윙봉 크런칩(10000원),프레스코 엔살라다(9000원),테킬라 1 shot(5000원),오르차타 하이볼대표(9500원),코코넛 파인 하이볼(8800원),민트라임 하이볼(8800원),오렌지 마가리타 하이볼(8800원),고수 히비스커스 에이드(6500원),,,,,,,,,,,,,,,,,,,,,,,,,,,,,,,,,,,,,,,,,,,,,,,,,,,,,,,,,,,,,,,,
맥시크,M.P.G 옥수수 피자(25000원),크루아상 에그 베네딕트(19000원),후무스와 메밀 유부초밥(17000원),부채살 스테이크(38000원),화이트 라구 파스타(24000원),가지 라자냐(18000원),페퍼로니 피자(19000원),반반 피자(23000원),아보카도&사워 도우 플레이트(22000원),봉골레 파스타(21000원),레드 라구 파스타(22000원),병아리콩 후무스 볼(16500원),에그 인 헬(16000원),당근 라페(2500원),,,,,,,,,,,,,,,,,,,,,,,,,,,,,,,,,,,,,,,,,,,,,,,,,,,,,,,,,,,,,,,,,,,,,,,
메종 파이프그라운드,소유라멘(10000원),매운소유라멘(10500원),모츠라멘(소곱창)(14500원),아부라소바(12000원),토리파이탄(11000원),호르몬동(대창덮밥)(15000원),규동(10000원),수제가라아게(7000원),닭껍질교자(5000원),타코야끼(5000원),아사히 생맥주420ml(8000원),산토리 하이볼(8000원),사케(-1원),소주(6000원),기린병맥주(7000원),,,,,,,,,,,,,,,,,,,,,,,,,,,,,,,,,,,,,,,,,,,,,,,,,,,,,,,,,,,,,,,,,,,,,,
멘츠루 성수점,한우 무화살 (한정판매)(29000원),한우 차돌박이(29000원),한우 육회(28000원),물냉면(8000원),한우 안심(45000원),한우 갈비살(35000원),한우 안창살 (한정판매)(50000원),들기름 카펠리니(13000원),한우 된장찌개(10000원),한우 깍두기 볶음밥(10000원),비빔냉면(8000원),,,,,,,,,,,,,,,,,,,,,,,,,,,,,,,,,,,,,,,,,,,,,,,,,,,,,,,,,,,,,,,,,,,,,,,,,,
무식당 성수본점,오무라이스(16000원),뇨끼(22000원),문화식당 삼합(22000원),황제갈빗살 프로방스(25000원),김치볶음밥(15000원),양송이 콩피(16000원),비스크 파스타(19000원),루꼴라 알리오올리오(16000원),베이컨 크림 파스타(17000원),하몽 토마토 파스타(18000원),살치살 스테이크(42000원),시즌메뉴(-1원),"주류(소주,맥주,와인,하이볼등)(-1원)",,,,,,,,,,,,,,,,,,,,,,,,,,,,,,,,,,,,,,,,,,,,,,,,,,,,,,,,,,,,,,,,,,,,,,,,
문화식당,400 스테이크 덮밥(런치 한정메뉴)(16800원),미도인 스테이크 덮밥(10500원),"9첩반상(우니,단새우)(디너한정메뉴)(19800원)",미도인 등심 스테이크(16800원),미도인 등심 스테이크(16800원),등심 트리플 스테이크(17800원),대창 등심 스테이크(19700원),곱창 등심 스테이크(한정메뉴)(20700원),등심 스테이크 덮밥 한상(15800원),큐브 스테이크 한상(13800원),"우니스테이크덮밥 한상(S,R)(19800원)","단새우 스테이크 덮밥한상(S,R)(16800원)",화산 불백 덮밥(9500원),곱창 대창 덮밥(한정메뉴)(13900원),큐브 스테이크 덮밥(11500원),,,,,,,,,,,,,,,,,,,,,,,,,,,,,,,,,,,,,,,,,,,,,,,,,,,,,,,,,,,,,,,,,,,,,,
미도인 성수,미쁘동(15000원),연어소바(16000원),토마토연어국수(20000원),가니미소 대게딱지장(10000원),우니도로동(30000원),연어알연어동(18000원),스지탕정식(18000원),미쁘소바(15000원),성게알소바(17000원),연어모듬회(24000원),딱새우회(30000원),,,,,,,,,,,,,,,,,,,,,,,,,,,,,,,,,,,,,,,,,,,,,,,,,,,,,,,,,,,,,,,,,,,,,,,,,,
미쁘동 서울숲,차돌양지쌀국수대표(11800원),매운직화고기쌀국수매운맛1단계대표(12800원),비빔쌀국수(분짜)대표(13800원),직화고기덮밥대표(11800원),오이무침대표(4800원),미스타쌀국수대표(7800원),한돈쌀국수대표(9800원),소고기쌀국수대표(10800원),토종닭쌀국수대표(12800원),한돈쌀국수대표(9800원),소고기쌀국수대표(10800원),차돌양지쌀국수대표(11800원),매운직화고기쌀국수매운맛1단계대표(12800원),미스타쌀국수대표(7800원),비빔쌀국수(분짜)대표(13800원),토종닭쌀국수대표(12800원),직화고기덮밥대표(11800원),오이무침대표(4800원),고수무침(4800원),냉제육(8800원),짜조 2P(3900원),짜조 4P(7800원),크랩스틱 2P(3900원),크랩스틱 4P(7800원),쉬림프스틱 2P(3900원),미트스틱 4P(8800원),프라이즈 윙&봉10P(11800원),(포장불가)LA고기김밥(5800원),(포장불가)LA야채김밥(3800원),,,,,,,,,,,,,,,,,,,,,,,,,,,,,,,,,,,,,,,,,,,,,,,,,,,,,,,,
미스타쌀국수 성수점,랍스타 바질올리오(21900원),채끝 스테이크 (250g)(39900원),스테이크 크림파스타(18900원),스테이크 샐러드(16900원),,,,,,,,,,,,,,,,,,,,,,,,,,,,,,,,,,,,,,,,,,,,,,,,,,,,,,,,,,,,,,,,,,,,,,,,,,,,,,,,,
미테이블 성수점,버섯생불고기전골(17000원),얼큰버섯탕(9000원),들깨버섯탕(10000원),눈꽃버섯탕(11000원),맑은버섯탕(9000원),,,,,,,,,,,,,,,,,,,,,,,,,,,,,,,,,,,,,,,,,,,,,,,,,,,,,,,,,,,,,,,,,,,,,,,,,,,,,,,,
버섯집,양지 쌀국수(9500원),매운 차돌박이 쌀국수(11000원),해산물 볶음면(12000원),해산물 볶음밥(12000원),분보싸오(13000원),차돌박이 쌀국수(10000원),해산물 쌀국수(12000원),매운 해산물 쌀국수(13000원),소고기 볶음면(11000원),돼지고기 볶음밥(9000원),파인애플 볶음밥(11000원),스프링롤(5000원),짜조(5000원),,,,,,,,,,,,,,,,,,,,,,,,,,,,,,,,,,,,,,,,,,,,,,,,,,,,,,,,,,,,,,,,,,,,,,,,
벱,Food(13000원),와인(25000원),와인콜키지(월~목 예약시 1병 무료)(0원),,,,,,,,,,,,,,,,,,,,,,,,,,,,,,,,,,,,,,,,,,,,,,,,,,,,,,,,,,,,,,,,,,,,,,,,,,,,,,,,,,
봄의정원 성수점,솔티드 카라멜(3900원),피스타치오(4800원),콘크림(4800원),시나몬설탕(2700원),설탕(2500원),블루베리치즈케익(4800원),호두크림(4800원),딸기크림(5000원),체리크림(5000원),바나나 크림(4800원),바질 크림(4800원),카야(3900원),티라미슈(4300원),밀크 글레이즈(3000원),브라운 치즈 시나몬(4300원),,,,,,,,,,,,,,,,,,,,,,,,,,,,,,,,,,,,,,,,,,,,,,,,,,,,,,,,,,,,,,,,,,,,,,
봉땅 서울숲점,미니 샥슈카(10000원),쉬림프 감자채전(16000원),알리오 뽈뽀(24000원),타이거 새우 로제 리조또(21000원),비프 부르기뇽(38000원),가지 토마토 리카토니 파스타(19000원),버섯 크림 파스타(19000원),먹물 갑오징어 리조또(21000원),제철과일 크림치즈 샐러드(16000원),부채살 스테이크(38000원),유자 크림 관자 구이(30000원),,,,,,,,,,,,,,,,,,,,,,,,,,,,,,,,,,,,,,,,,,,,,,,,,,,,,,,,,,,,,,,,,,,,,,,,,,
부우이 성수,포르치니새우뇨끼(16900원),[best]매콤봉골레파스타(16900원),[signature]매콤가지튀김(9900원),[signature]잠봉뵈르리조또(17900원),[signature]그릭요거트샐러드(9900원),[best]브리비트스테이크(34900원),연어화이트라구파스타(16900원),고등어리조또(16900원),[signature]대파크림옥수수뇨끼(17900원),머쉬룸수프(7900원),크림어니언감자튀김(9900원),[signature]버터하이볼(6900원),[signature]브리에이드_꿀자몽(6900원),비트에이드_레몬(6900원),,,,,,,,,,,,,,,,,,,,,,,,,,,,,,,,,,,,,,,,,,,,,,,,,,,,,,,,,,,,,,,,,,,,,,,
브리비트,비포선라이즈 크레페(17000원),잠봉 에그 베네딕트(19000원),뇨끼뽀끼(19000원),앤초비 오일파스타(20000원),바질페스토 쉬림프파스타(21000원),프렌치 토스트 정식(19000원),달고나버터 팬케이크 정식(20000원),토마토 미트볼 스튜(20000원),브런치 테이스팅 메뉴(54000원),쉬림프 시저 샐러드(17000원),치킨&콘 차우더 수프(9500원),홈메이드 그래놀라와 요거트(9500원),[디저트] 딸기&치즈크림 팬케이크(13500원),[디저트] 까사 팬케이크(13000원),[디저트] 딸기&생크림 프렌치토스트(14000원),,,,,,,,,,,,,,,,,,,,,,,,,,,,,,,,,,,,,,,,,,,,,,,,,,,,,,,,,,,,,,,,,,,,,,
빙봉,고기빠오즈(8000원),매운훈둔면(8500원),삼선빠오즈(9500원),새우지짐만두(9000원),부추지짐만두(8000원),훈둔면(8000원),쓰촨탄탄면(8000원),,,,,,,,,,,,,,,,,,,,,,,,,,,,,,,,,,,,,,,,,,,,,,,,,,,,,,,,,,,,,,,,,,,,,,,,,,,,,,
빠오즈푸 서울숲직영점,부챗살 스테이크 & 감자튀김(39000원),THICK 베이컨 & 메이플 시럽(14000원),페퍼로니 토마토 파스타(19000원),스파이시 로제 파스타(18000원),슈림프 알리오 올리오(18000원),코코넛 커리 파스타(19000원),화이트 라구 파스타(21000원),트러플 비프 크림 리소토(19000원),전복 게우 리소토(23000원),,,,,,,,,,,,,,,,,,,,,,,,,,,,,,,,,,,,,,,,,,,,,,,,,,,,,,,,,,,,,,,,,,,,,,,,,,,,
뽈로파스타 서울숲,OG 산도 싱글 세트(15300원),보드카 산도 싱글 세트(16500원),화이트 차이브 산도 싱글 세트(17500원),시그니처 산도스 라떼(6000원),CROQUTTE DE SOHO(7500원),OG 산도 더블 단품(17300원),보드카 산도 더블 단품(18600원),화이트 차이브 산도 더블 단품(19600원),OG 산도 싱글 단품(12300원),보드카 산도 싱글 단품(13600원),화이트 차이브 산도 싱글 단품(14600원),유자 방울 토마토(2500원),420 크리스피 감자튀김/케찹 (L)(4800원),420 크리스피 감자튀김/케찹 (S)(2800원),유자 당근 라페(1200원),,,,,,,,,,,,,,,,,,,,,,,,,,,,,,,,,,,,,,,,,,,,,,,,,,,,,,,,,,,,,,,,,,,,,,
산도스 성수,살라댕 템플 3단 트레이(43000원),타마린 등갈비 튀김(34000원),이베리코 포크 스테이크(43000원),푸팟퐁커리(39000원),템플 코코넛 치킨 팟타이(28000원),생면 라자냐(26000원),티본스테이크(500g)(98000원),한우 채끝 스테이크(78000원),닭고기 카술레(36000원),똠얌꿍(29000원),치킨 그린커리(39000원),갈릭 농어 프라이(48000원),포크 스페이립 쌀국수(23000원),카오소이(26000원),쉬림프 팟타이(23000원),,,,,,,,,,,,,,,,,,,,,,,,,,,,,,,,,,,,,,,,,,,,,,,,,,,,,,,,,,,,,,,,,,,,,,
살라댕템플,??[스페셜정식-통삼겹바베큐](29000원),??[런치샤브-목심](19000원),??[커플세트 / 2인](63000원),??[그룹세트 / 4인](126000원),??[샤블리 정식-차돌박이](30000원),??[스페셜정식-차돌](29000원),??[스페셜정식-양념갈비살](32000원),샹그리아 Red(9000원),,,,,,,,,,,,,,,,,,,,,,,,,,,,,,,,,,,,,,,,,,,,,,,,,,,,,,,,,,,,,,,,,,,,,,,,,,,,,
샤블리 성수서울숲점,누룽지통닭(22000원),누룽지 콘치즈(26000원),누룽지양념(24000원),누룽지파닭(24000원),누룽지양파(24000원),누룽지불치즈(28000원),누룽지파콘치즈(28000원),,,,,,,,,,,,,,,,,,,,,,,,,,,,,,,,,,,,,,,,,,,,,,,,,,,,,,,,,,,,,,,,,,,,,,,,,,,,,,
서울숲누룽지통닭구이,서울숲포도흑미도우 뿌링클 치킨타워피자(39000원),서울숲포도흑미도우 소원의폭포 새우크림(38000원),서울숲수제맥주(라거)(7000원),포도하이볼(8000원),서울숲포도흑미도우 나비정원이태리햄타워(35000원),서울숲포도흑미도우 스페셜 페퍼로니(26000원),서울숲포도흑미도우 고르곤졸라(22000원),통베이컨 시저샐러드(12900원),무지개 어니언링타워(15pcs)(9900원),에이드(레몬/자몽/블루베리)(6000원),제로펩시(3000원),칠성사이다(3000원),펩시콜라(3000원),,,,,,,,,,,,,,,,,,,,,,,,,,,,,,,,,,,,,,,,,,,,,,,,,,,,,,,,,,,,,,,,,,,,,,,,
서울숲포도피자 성수,곱창 튀김 아구찜대표(23000원),정통 아구찜 소 (小)대표(44000원),곱창 튀김 아구찜대표(23000원),우삼겹 염통 아구찜(23000원),정통 아구찜 소 (小)대표(44000원),정통 아구찜 중 (中)(56000원),정통 아구찜 대 (大)(66000원),알곤이찜 소 (小)(45000원),알곤이찜 중 (中)(56000원),알곤이찜 대 (大)(66000원),감태낙지주먹밥(14000원),배추새우전(15000원),명란치즈감자전(17000원),아구지리탕(19000원),묵사발(7500원),콘치즈볶음밥(5000원),볶음밥(3000원),참이슬 후레쉬(5000원),참이슬 레드(5000원),처음처럼(5000원),새로(5000원),진로(5000원),한라산(6000원),청하(6000원),카스(6000원),테라(6000원),켈리(6000원),칭타오 6(7000원),일품진로(29000원),화요(29000원),짐빔하이볼(8000원),산토리하이볼(8000원),매실하이볼(9000원),유자하이볼(9000원),얼그레이하이볼(9000원),코카콜라(2000원),제로콜라(2000원),칠성사이다(2000원),제로사이다(2000원),환타파인(2000원),토닉워터(2000원),,,,,,,,,,,,,,,,,,,,,,,,,,,,,,,,,,,,,,,,,,,,
성수AGU,다락오므라이스(16000원),다락로제파스타(18000원),찹목살스테이크(22000원),게살매콤리조또(18000원),가츠산도(12000원),다락에이드_파인애플(6900원),옥수수뇨끼(18000원),매콤크림파스타(18000원),핫스파이시 해산물 파스타(18000원),차돌박이들깨파스타(18000원),치폴레쉬림프파스타(18000원),크림어니언감자튀김(10000원),트러플감자튀김(10000원),성수에이드_레몬(6900원),분다버그_핑크자몽(5900원),,,,,,,,,,,,,,,,,,,,,,,,,,,,,,,,,,,,,,,,,,,,,,,,,,,,,,,,,,,,,,,,,,,,,,
성수다락,더오프라인샵 스테이크(43000원),생참치연어 김밥(26000원),생참치연어김밥 하프(17000원),구운고등어 초밥(21000원),명당로제떡볶이(23000원),국내산 통삼겹 김치찜(26000원),야끼소바(18000원),멜론과 프로슈토(16000원),투움바파스타(19000원),,,,,,,,,,,,,,,,,,,,,,,,,,,,,,,,,,,,,,,,,,,,,,,,,,,,,,,,,,,,,,,,,,,,,,,,,,,,
성수명당,로시(-1원),루부탱(-1원),비비(-1원),새언니가 뺏어 먹는 무화과 브리튀김(-1원),유리구두를 찾다 만난 흰살 스테이크(-1원),계모가 사랑한 뽈뽀(-1원),무제한 샴팡데이 (목요일)(24000원),새언니들도 호떡뻥은 못참지(7000원),계모는 가끔 위스키 온더 아이스크림(8000원),요정은 12시 후에 칰&칩스(12000원),요술봉으로 만든 크림치즈(12000원),신데렐라가 어릴때 좋아했던 부라타치즈(-1원),12시 전에 먹어야 하는 카프레제(-1원),샴페인(-1원),와인(-1원),,,,,,,,,,,,,,,,,,,,,,,,,,,,,,,,,,,,,,,,,,,,,,,,,,,,,,,,,,,,,,,,,,,,,,
성수신데렐라,성게알 파스타(18900원),김 트러플 크림 파스타(15900원),창란젓 들기름 파스타(15900원),깻잎 페스토 파스타(15900원),바질 파스타(feat. 누룽지)(16900원),육회 비빔밥(11000원),수제 떡갈비 덮밥(10000원),육회(20000원),수제 떡갈비(18000원),감자전(15000원),,,,,,,,,,,,,,,,,,,,,,,,,,,,,,,,,,,,,,,,,,,,,,,,,,,,,,,,,,,,,,,,,,,,,,,,,,,
성수온실 성수본점,족발 (특대)(50000원),족발 (대)(45000원),족발 (중)(40000원),소주(5000원),맥주(5000원),클라우드 드래프트(5000원),막걸리(4000원),청하(5000원),백세주(8000원),음료수(2000원),공기밥(1000원),,,,,,,,,,,,,,,,,,,,,,,,,,,,,,,,,,,,,,,,,,,,,,,,,,,,,,,,,,,,,,,,,,,,,,,,,,
성수족발,불금버거매운맛2단계N(12900원),그릴드 치킨 버거인기대표(10900원),베이컨 하와이안 버거인기대표(10900원),그릴드 치킨 버거인기대표(10900원),서울숲 버거대표(13900원),베이컨 하와이안 버거인기대표(10900원),세븐 버거(8900원),베이컨 하와이안 버거인기대표(10900원),서울숲 버거대표(13900원),그릴드 치킨 버거인기대표(10900원),불금버거매운맛2단계N(12900원),그릴드 하와이안 치킨 버거(12900원),코카콜라+프렌치프라이(4900원),제로콜라+프렌치프라이(4900원),스프라이트+프렌치프라이(4900원),아이스아메리카노+프렌치프라이(4900원),핫아메리카노+프렌치프라이(4900원),코카콜라+칠리프라이매운맛2단계(8900원),제로코크+칠리프라이매운맛2단계(8900원),스프라이트+칠리프라이매운맛2단계(8900원),아이스아메리카노+칠리프라이매운맛2단계(8900원),따뜻한아메리카노+칠리프라이매운맛2단계(8900원),코카콜라+치즈프라이매운맛2단계(6900원),제로코크+치즈프라이(6900원),스프라이트+치즈프라이(6900원),아이스아메리카노+치즈프라이(6900원),따뜻한아메리카노+치즈프라이(6900원),코카콜라+콘샐러드(4900원),제로코크+콘샐러드(4900원),스프라이트+콘샐러드(4900원),따뜻한아메리카노+콘샐러드(4900원),칠리 프라이즈매운맛2단계(7900원),프렌치 프라이즈(3900원),치즈 프라이즈(5900원),콘샐러드매운맛1단계(3000원),치즈스틱(2000원),제로코크(3000원),코카콜라(3000원),스프라이트(3000원),레모네이드(무탄산)(3000원),빅웨이브(8500원),블루문(7500원),아메리카노(3000원),,,,,,,,,,,,,,,,,,,,,,,,,,,,,,,,,,,,,,,,,,
세븐버거스 어 위크,제주 흑돼지 프렌치렉 스테이크(39000원),명란파스타(19000원),시그니쳐 제주 카프레제(16000원),"비스큐 제주 로제(리조또변경+2,0)(21000원)",제주 멜젓(21000원),계절과일 리코타 치즈 샐러드(16000원),카르파치오&부라타(23000원),제주 몽드락(21000원),제주 크림 뇨끼(23000원),콰트로치즈&화이트라구(23000원),봉골레(25000원),제주 보라성게 파스타(시즌메뉴)(28000원),소꼬리뇨끼(31000원),클래식 마르게리타(19000원),제주 고르곤졸라(21000원),,,,,,,,,,,,,,,,,,,,,,,,,,,,,,,,,,,,,,,,,,,,,,,,,,,,,,,,,,,,,,,,,,,,,,
소랑호젠,감자국식사 우거지(12000원),감자국식사 일반(11000원),감자탕 (소)(29000원),감자탕 (중)(34000원),감자탕 (대)(46000원),뼈추가(13000원),포장 (1인분)(12000원),포장 대(43000원),,,,,,,,,,,,,,,,,,,,,,,,,,,,,,,,,,,,,,,,,,,,,,,,,,,,,,,,,,,,,,,,,,,,,,,,,,,,,
소문난성수감자탕,"전복,단새우 냉소바(15000원)",한우양지온면(특)(14000원),단새우 냉소바(13000원),전복 냉소바(14000원),성게알덮밥(中)(19000원),연어덮밥(15000원),백명란덮밥(10000원),모듬고로케(9000원),타마고멘치카츠(9000원),게딱지장 덮밥(10000원),왕새우튀김(6000원),한우사태냉소바(16000원),우니냉소바(16000원),새우온면(12000원),한우양지&새우온면(15000원),,,,,,,,,,,,,,,,,,,,,,,,,,,,,,,,,,,,,,,,,,,,,,,,,,,,,,,,,,,,,,,,,,,,,,
소바식당,모둠곱창구이(250g)(29000원),곱창전골(1인분)(22000원),특양밥(12000원),소인국수(고추장소스)(8000원),소인국수(된장소스)(8000원),양무침 추가(6000원),우동사리 추가(2000원),[점심메뉴] 한우 곱창 해장국(12000원),[점심메뉴] 한우 곱창 해장국 (특)(14000원),[점심메뉴] 한우 소고기 해장국(12000원),[점심메뉴] 한우 소고기 해장국(특)(14000원),[점심메뉴] 한우 수육(소)(18000원),[점심메뉴] 한우 수육(중)(28000원),,,,,,,,,,,,,,,,,,,,,,,,,,,,,,,,,,,,,,,,,,,,,,,,,,,,,,,,,,,,,,,,,,,,,,,,
소인수서울 본점,본품(本品)스시인기(19900원),2.5배 곤부지메 연어스시인기(22900원),정품(正品)스시(15900원),본품(本品)스시인기(19900원),특품(特品)스시(25900원),절품(?品)스시(32900원),2.5배 곤부지메 연어스시인기(22900원),1.5배 정품스시(23900원),1.5배 본품스시(27900원),1.5배 특품스시(32900원),1.5배 절품스시(38900원),정품스시와 소고기우동 (비조리/인덕션X)(29900원),본품스시와 소고기우동 (비조리/인덕션X)(33900원),특품스시와 소고기우동 (비조리/인덕션X)(39900원),절품스시와 소고기우동 (비조리/인덕션X)(48900원),연어스시와 소고기우동(비조리/인덕션X)(38900원),정품스시와 스키야키특정식(39900원),본품스시와 스키야키특정식(43900원),특품스시와 스키야키특정식(49900원),절품스시와 스키야키특정식(56900원),2.5배 곤부지메 연어스시와 스키야키특정식(46900원),스시사라 직(直)(7900원),스시사라 방(方)(10900원),스시사라 대(大)(14900원),그란도 후토마키 4PC(16900원),그란도 후토마키 8PC(32800원),(추가) S급 혼마구로 뱃살스시 1pc(5900원),(추가) 제철우니스시 1pc(6900원),(추가) 묵은지 곤부지메 대광어스시 3pc(8900원),(추가) 생생활스시 3pc(7900원),(추가) 곤부지메 연어스시 3pc(8900원),(추가) 생생활스시 5pc(12900원),장어반 계란반 히츠마부시(22900원),스시도쿠 정품 히츠마부시(35900원),1.5배 히츠마부시(48900원),타락의 안키모(7900원),곤부지메연어사시미 5pc(9900원),스키비키대광어사시미 5pc(9900원),트러플 대광어 사시미(10900원),주방장 수제 타코와사비(11900원),(추가) 제철우니 2pc(12000원),핸드메이드 간장새우장 (7pc)(12900원),충남보령 관자 사시미 5pc(14900원),트러플 관자 사시미(15900원),사품(四品) 한잔 사시미(16900원),오도로사시미 5pc(17900원),셰프 특제 육회 타르타르(14900원),곤부지메 연어사시미 14pc(23900원),별품 세계일(世界一) 제철 우니 삼합(24900원),더성수 사시미(69000원),신선큼직 왕유부(1000원),단짠 다마고야키(일식 계란말이)(1000원),특특가리비(1200원),쫀득 이까(오징어)(1500원),특대형 초새우(1500원),S급 참치 속살(1900원),달콤큼직 랍스터새우(2000원),곤부지메연어(2500원),곤부지메 연어아부리(2600원),저온숙성 남해산 참돔(2900원),특대품 8미 자포니카 민물장어(2900원),320kg 혼마구로(참다랑어) 오도로(대뱃살)(6900원),제철 듬뿍 우니 군캉(성게알 군함)(7900원),순도 100% 닭다리살 가라아게 (4pc)(4900원),다마고카츠(2pc)(5900원),왕새우덴뿌라(2pc)(5900원),순도 100% 닭다리살 가라아게(12900원),완전판 덴뿌라 바스켓(17900원),금은 다마고야키(5900원),충남보령 활(活)관자 쿠시(8900원),단품 한잔 우나기야키(14900원),진미 모찌리도후(6900원),센 300(8000원),월계관더컵(10000원),오초코다이긴죠(12000원),월계관 준마이750(35000원),간바레오또상(35000원),월계관 준마이 다이긴죠(79000원),쿠보다 센쥬(89000원),콜라(3000원),사이다(3000원),제로콜라(3000원),제로사이다(3000원),소주 (새로)(6000원),화요 25 375ml(27000원)
스시도쿠 더성수,어향가지(14500원),연태 하이볼(7800원),홍소우육면(11800원),라구탄탄면(10800원),웅박 치킨 덮밥(11800원),블랙페퍼 치킨 바오(5300원),시옹 만두(8500원),치킨바오(5300원),새우바오(5300원),연두부와고수무침(6300원),마파자완무시(12800원),항정살 스테이크(18800원),,,,,,,,,,,,,,,,,,,,,,,,,,,,,,,,,,,,,,,,,,,,,,,,,,,,,,,,,,,,,,,,,,,,,,,,,
시옹마오,신기루 오뎅 모리아와세(18000원),일본풍 가라아게(13000원),신기루 라멘(9000원),감자튀김(7000원),닭연골 튀김 (난코츠가라아게)(9000원),닭껍질 튀김(7000원),호감도 스지찜(9000원),,,,,,,,,,,,,,,,,,,,,,,,,,,,,,,,,,,,,,,,,,,,,,,,,,,,,,,,,,,,,,,,,,,,,,,,,,,,,,
신기루오뎅바,모듬곱창(25000원),소곱창(24000원),소곱창전골(40000원),소대창(24000원),소막창(24000원),염통(13000원),볶음밥(3000원),간천엽(5000원),멸치국수(4000원),"감자, 떡사리(3000원)",,,,,,,,,,,,,,,,,,,,,,,,,,,,,,,,,,,,,,,,,,,,,,,,,,,,,,,,,,,,,,,,,,,,,,,,,,,
신사소곱창 성수점,고추오일 명란크림 파스타(21000원),차돌 고사리 파스타(22000원),볏짚 숙성 오리 가슴살 스테이크(36500원),숯불 이베리코 플루마 스테이크(48500원),알배추 들기름 마요 샐러드(16500원),엔쵸비&로메인 샐러드(16500원),쵸리죠 라구 파스타(20000원),게살 새우 버터 파스타(22000원),곱창김 버터 파스타(22000원),비프 타르타르(22500원),구운관자(23000원),갑오징어 카르파치오(24000원),트러플 크림 뇨끼(24500원),송고버섯 리조또(19500원),숯불 닭목살 곤드레 리조또(21500원),,,,,,,,,,,,,,,,,,,,,,,,,,,,,,,,,,,,,,,,,,,,,,,,,,,,,,,,,,,,,,,,,,,,,,
심퍼티쿠시 성수점,야채곱창대표(14000원),야채곱창대표(14000원),순대곱창(14000원),오돌뼈(14000원),알곱창(14000원),해장라면(6000원),주먹밥(3000원),볶음밥(3000원),계란탕(8000원),치즈 추가(3000원),테라(5000원),진로(5000원),처음처럼(5000원),카스(5000원),참이슬(진)(5000원),참이슬(5000원),,,,,,,,,,,,,,,,,,,,,,,,,,,,,,,,,,,,,,,,,,,,,,,,,,,,,,,,,,,,,,,,,,,,,
싹쓰리곱창,"쎄콩데 브랙퍼스트(Secondaire Breakfast + Secondaire Jam, Compote, Spread, Marmalade, Custard 중 택3)(19000원)",Vanilla Custard (바닐라 커스터드 프렌치토스트)(17000원),Egg in Hell (에그인헬)(18000원),Red cherry chicken (레드체리 치킨샌드위치)(18000원),Cheese Plate (치즈플레이트)(38000원),Canape(카나페) Plate(27000원),Signature yogurt (시그니처 요거트)(13000원),베리 그릭요거트(11000원),레몬 마리네이드 살몬 샌드위치(18000원),애플망고 쉬림프 샌드위치(18000원),리치베리 프렌치 토스트(16000원),Tomato jambon (토마토 잠봉샌드위치)(16000원),스윗 마롱 수프(12000원),베이크드 브리 치즈(16000원),시그니처 커피(5500원),,,,,,,,,,,,,,,,,,,,,,,,,,,,,,,,,,,,,,,,,,,,,,,,,,,,,,,,,,,,,,,,,,,,,,
쎄콩데live,에이드(6000원),아이스라떼(5000원),아이스아메리카노(4000원),토마토야채(7500원),우가파워(12500원),단호박콘스프(6500원),바질크림고구마(12000원),무화괌말랭이(11500원),청양애플브리바게트(11500원),새우에그샌드위치(11000원),꼬꼬아보파니니(12500원),바질닭가슴살샐러드(11500원),가을 밤게트 샌드위치(12000원),연어 샌드위치(11000원),바질 토마토 파니니(12000원),,,,,,,,,,,,,,,,,,,,,,,,,,,,,,,,,,,,,,,,,,,,,,,,,,,,,,,,,,,,,,,,,,,,,,
앤드밀 성수점,프렌치토스트(8000원),딸기 토핑 (시즌 한정)(2500원),카이막&벌꿀집 토핑(3000원),말차 갸또 쇼콜라(8500원),말차 테린느(7000원),얼그레이 테린느(7000원),다크초코 테린느(7000원),카푸치노(5800원),아쌈 밀크티(7000원),피스타치오 크림라떼(6800원),플랫화이트(5800원),만년설(6800원),아메리카노(5500원),피치 아이스티(6000원),청귤에이드(6800원),,,,,,,,,,,,,,,,,,,,,,,,,,,,,,,,,,,,,,,,,,,,,,,,,,,,,,,,,,,,,,,,,,,,,,
어라운드데이,엘더클래식(10900원),엘더클래식세트(15900원),더블엘더클래식(16900원),더블엘더클래식세트(21900원),뉴클래식(13900원),뉴클래식세트(18900원),베이컨치즈버거(13900원),베이컨치즈버거세트(18900원),벨리버거(14900원),벨리버거세트(19900원),칠리치즈버거(15900원),칠리치즈버거세트(20900원),포레스트버거(15900원),포레스트버거세트(20900원),과카몰리버거(12900원),,,,,,,,,,,,,,,,,,,,,,,,,,,,,,,,,,,,,,,,,,,,,,,,,,,,,,,,,,,,,,,,,,,,,,
엘더버거 성수,가츠덮밥(12000원),새우튀김덮밥(13000원),믹스 덮밥(14000원),야끼니쿠동(14000원),생연어덮밥(16000원),김치돈가츠나베(14000원),안심가츠정식(14000원),치즈가츠정식(15000원),소고기치즈가츠정식(16000원),알쌈리조또(17000원),명란바질오일파스타(17000원),차돌중화크림파스타(18000원),살치살크림파스타(18000원),리코타치즈샐러드(12000원),,,,,,,,,,,,,,,,,,,,,,,,,,,,,,,,,,,,,,,,,,,,,,,,,,,,,,,,,,,,,,,,,,,,,,,
연남토마 성수점,부채살 스테이크(30000원),열대과일 리코타 샐러드(15000원),이탈리안 봉골레 파스타(17000원),베이컨 크림 치즈 파스타(18000원),훈제연어 샐러드(15000원),인살라타 카프레제(15000원),쉬림프 오일리 파스타(17000원),,,,,,,,,,,,,,,,,,,,,,,,,,,,,,,,,,,,,,,,,,,,,,,,,,,,,,,,,,,,,,,,,,,,,,,,,,,,,,
오뜨로 성수,런치(19000원),디너(29000원),도미머리구이(9000원),연어머리구이(7000원),,,,,,,,,,,,,,,,,,,,,,,,,,,,,,,,,,,,,,,,,,,,,,,,,,,,,,,,,,,,,,,,,,,,,,,,,,,,,,,,,
오마카세 오사이초밥 성수직영점,명란치킨크림우동(-1원),칠리새우(-1원),오와리메뉴(-1원),규스지오뎅탕(32000원),오와리오뎅(1500원),오와리모둠오뎅탕(24000원),오와리 야끼소바(-1원),오코노미야끼(-1원),유린기(-1원),차돌로제떡볶이(-1원),가리비술찜(-1원),크림새우(-1원),이카게소국물떡볶이(-1원),명란구이(-1원),기린생맥주(-1원),,,,,,,,,,,,,,,,,,,,,,,,,,,,,,,,,,,,,,,,,,,,,,,,,,,,,,,,,,,,,,,,,,,,,,
오와리 본점,규스지 오뎅나베(29000원),오꼬노미야끼(20000원),매콤해물짬뽕나베(27000원),명란구이오차즈케(23000원),야끼우동(25000원),해물 베이컨 카레나베(27000원),닭연골 튀김(19000원),모찌리도후(7000원),,,,,,,,,,,,,,,,,,,,,,,,,,,,,,,,,,,,,,,,,,,,,,,,,,,,,,,,,,,,,,,,,,,,,,,,,,,,,
오지상 성수,OFTT 떡볶이(17000원),OFTT 즉떡(14000원),순대볶음(17000원),트러플크림뇨끼(18000원),투움바떡볶이(20000원),허니버터 갈릭튀김(8500원),키토김밥(7000원),소주(5000원),맥주(6000원),막걸리(6000원),,,,,,,,,,,,,,,,,,,,,,,,,,,,,,,,,,,,,,,,,,,,,,,,,,,,,,,,,,,,,,,,,,,,,,,,,,,
오프트,"강 거슬러 올라오니, 오후인기N(19000원)","꿀꿀~ 꿀잠자고 일어나니, 오후인기N(13000원)","얼른 학교 가라아게, 오후인기N(14000원)",진짜 가라아게다인기N(9000원),"규동이 먹으러 일본가려다가, 오후인기N(11000원)","꿀꿀~ 꿀잠자고 일어나니, 오후인기N(13000원)","얼른 학교 가라아게, 오후인기N(14000원)","강 거슬러 올라오니, 오후인기N(19000원)","규동이 먹으러 일본가려다가, 오후인기N(11000원)",진짜 가라아게다인기N(9000원),"규동이 먹으러 일본가려다가, 오후인기N(11000원)","꿀꿀~ 꿀잠자고 일어나니, 오후인기N(13000원)","얼른 학교 가라아게, 오후인기N(14000원)","강 거슬러 올라오니, 오후인기N(19000원)",노르웨이 연어다(12000원),진짜 가라아게다인기N(9000원),꿀꿀 돈카츠(8000원),반신욕 한 차슈(9000원),기린병맥주(8000원),한맥(5000원),라무네사이다(5000원),코카콜라(3000원),제로콜라(3000원),칠성사이다(3000원),,,,,,,,,,,,,,,,,,,,,,,,,,,,,,,,,,,,,,,,,,,,,,,,,,,,,,,,,,,,,
오후,토마호크 포크 커틀렛(-1원),스파이시 로제 파스타(18000원),콰트로 크림 리소토(19000원),만조 크림 파스타(19000원),나시고렝 쉬림프 필라프(17000원),불고기 필라프(17000원),봉골레 파스타(19000원),리코타 치즈샐러드(16000원),핫 쉬림프 토마토 리소토(19000원),치킨 로제 리소토(19000원),,,,,,,,,,,,,,,,,,,,,,,,,,,,,,,,,,,,,,,,,,,,,,,,,,,,,,,,,,,,,,,,,,,,,,,,,,,
온량,함바그 오므라이스(14900원),돈카츠 오므라이스(14900원),큐브부타동(11900원),라유파이탄소바(12900원),명란오일소바(12900원),사바카츠 바질커리(13900원),돈카츠 커리(12900원),경양로스카츠(13900원),치킨가라아게(9900원),쯔유버터떡볶이(7900원),바질 떡볶이(9900원),그릴드 배추사라다(8900원),카츠산도(8900원),치킨난반동(11900원),사바카츠동(11900원),,,,,,,,,,,,,,,,,,,,,,,,,,,,,,,,,,,,,,,,,,,,,,,,,,,,,,,,,,,,,,,,,,,,,,
요쇼쿠 서울숲 본점,붓가케우동(8000원),키츠네우동(8500원),가조쿠우동(9000원),육육우동(10000원),돈카츠정식(11000원),장어덮밥(16000원),,,,,,,,,,,,,,,,,,,,,,,,,,,,,,,,,,,,,,,,,,,,,,,,,,,,,,,,,,,,,,,,,,,,,,,,,,,,,,,
우동가조쿠 성수점,가라아게마키매운맛1단계N(12000원),가라아게마키SET매운맛1단계N(25000원),후라이마키인기(12000원),후토마키인기대표(13000원),다마고마키인기(8000원),연어마키인기(17000원),우리마키인기(9000원),후토마키인기대표(13000원),특튀김우동대표(14000원),가라아게마키매운맛1단계N(12000원),우리마키인기(9000원),다마고마키인기(8000원),후라이마키인기(12000원),후토마키인기대표(13000원),참치오니기리마키매운맛1단계(12000원),연어마키인기(17000원),생참치마키(19000원),튀김우동(8000원),불어묵우동매운맛2단계(8000원),특튀김우동대표(14000원),다마고산도(6000원),라무네(4000원),콜라(2000원),제로콜라(2000원),스프라이트(2000원),가라아게마키SET매운맛1단계N(25000원),후라이마키+특튀김우동(25000원),후토마키+특튀김우동(26000원),참치오니기리마키+특튀김우동(25000원),,,,,,,,,,,,,,,,,,,,,,,,,,,,,,,,,,,,,,,,,,,,,,,,,,,,,,,,
우리마키 성수점,족발(소)(36000원),족발+직화 불족발(중)(43000원),족발(중)(41000원),족발(대)(46000원),직화 불족발(중)(43000원),직화 불족발(대)(48000원),족발+직화 불족발(대)(48000원),꿀마늘 족발(중)(43000원),꿀마늘 족발(대)(48000원),냉채족발(51000원),족보세트(소)(51000원),족보세트(중)(61000원),족보세트(대)(71000원),보쌈(소)(37000원),보쌈(중)(42000원),,,,,,,,,,,,,,,,,,,,,,,,,,,,,,,,,,,,,,,,,,,,,,,,,,,,,,,,,,,,,,,,,,,,,,
위풍당당족발,우육면(9000원),가지덮밥(9900원),마라우육면(9500원),홍콩식 딴딴면(8500원),지엔지오(5p）(5000원),교자(7000원),공심채볶음(10000원),량반우육(소)(8000원),칭따오맥주(7000원),,,,,,,,,,,,,,,,,,,,,,,,,,,,,,,,,,,,,,,,,,,,,,,,,,,,,,,,,,,,,,,,,,,,,,,,,,,,
육육면관,양갈비(25000원),양등심꼬치(22000원),양왕꼬치(18000원),탕수육(21000원),가지요리(20000원),온면(7000원),볶음밥(7000원),토마토계란볶음(17000원),토마토계란탕(15000원),마파두부(14000원),,,,,,,,,,,,,,,,,,,,,,,,,,,,,,,,,,,,,,,,,,,,,,,,,,,,,,,,,,,,,,,,,,,,,,,,,,,
이가네양꼬치 성수직영점,모둠사시미(36000원),차돌박이 참깨나베(26000원),레드(매콤) 가라아게(23000원),블랙(흑임자) 가라아게(23000원),미즈타키나베(닭고기전골)(26000원),차돌박이 숙주볶음(25000원),마구로 육회(29000원),소고기 타다끼(29000원),화이트크림새우(25000원),매콤칠리새우(25000원),수제 모찌리도후(10000원),,,,,,,,,,,,,,,,,,,,,,,,,,,,,,,,,,,,,,,,,,,,,,,,,,,,,,,,,,,,,,,,,,,,,,,,,,
이로우,후토마끼(15900원),매콤명란파스타(15900원),지라시 카이센동(18900원),모듬카츠정식(17000원),바질페스토파스타(16900원),우나기동(22900원),미소시소파스타(14900원),에비후라이동(13000원),사케동(15000원),부타규동(12000원),옥수수튀김(7000원),새우튀김(5000원),애플시소모히토에이드(5900원),라벤더레몬에이드(5900원),얼그레이하이볼(7900원),,,,,,,,,,,,,,,,,,,,,,,,,,,,,,,,,,,,,,,,,,,,,,,,,,,,,,,,,,,,,,,,,,,,,,
이오로비스트로 성수점,제육볶음 반상(16000원),불고기 반상(17000원),비빔밥 반상(비건 가능)(18000원),낙지볶음반상(18000원),김치찜반상(26000원),차돌 전통 된장찌개 반상(26000원),"순두부 찌개 반상(생선,불고기 택1)(26000원)",육회 비빔밥 반상(28000원),차돌박이 겉절이(42000원),LA갈비(42000원),"일상담미 떡볶이(간장,약고추장 택1)(28000원)",,,,,,,,,,,,,,,,,,,,,,,,,,,,,,,,,,,,,,,,,,,,,,,,,,,,,,,,,,,,,,,,,,,,,,,,,,
일상담미 성수점,급랭삼겹살(16000원),청국장(9000원),생삼겹살(17000원),얼큰순두부(9000원),맑은명란탕(13000원),명품명란쌈장(6000원),옛날깻잎국물떡볶이(9000원),볶음밥(5000원),미나리+꽈리+고사리세트(7000원),급랭특 알목살(16000원),명란 오징어 내장탕(9000원),얼큰 비지짜글이(9000원),고수(6000원),통영 생굴구이 소(6000원),통영 생굴구이 중(8000원),,,,,,,,,,,,,,,,,,,,,,,,,,,,,,,,,,,,,,,,,,,,,,,,,,,,,,,,,,,,,,,,,,,,,,
잠수교집 성수 직영점,믹스카츠(25000원),새우+안심 돈카츠(23000원),안심 돈카츠(17000원),등심 돈카츠(16000원),등심+안심 돈카츠(19000원),스페셜 등심 돈카츠(21000원),새우+등심 돈카츠(22000원),치킨카츠(16000원),어린이 돈카츠(10000원),카레추가 (단품)(5000원),카츠산도 (단품)(9000원),,,,,,,,,,,,,,,,,,,,,,,,,,,,,,,,,,,,,,,,,,,,,,,,,,,,,,,,,,,,,,,,,,,,,,,,,,
정돈 성수점,제스티 갈릭 버거(10300원),와사비 쉬림프 버거(11300원),트러플 루꼴라 쉬림프 버거(12800원),아메리칸 치즈 버거(9300원),Basic fries(4300원),Cheese fries(5300원),Garlic cheese fries(6300원),,,,,,,,,,,,,,,,,,,,,,,,,,,,,,,,,,,,,,,,,,,,,,,,,,,,,,,,,,,,,,,,,,,,,,,,,,,,,,
제스티살룬 성수,크리스피새우창펀(13000원),트러플메추리알샤오마이(10000원),탄탄면(14000원),칠리새우(32000원),베이징덕(95000원),리치소스토마토절임(5000원),트러플해산물볶음밥(15000원),사천식라즈지(29000원),공심채볶음(12000원),제제스짜장면(14000원),동파육과차이니즈번(32000원),해산물산라탕(19000원),오이냉채(4000원),흑식초탕수육(30000원),우육탕면(14000원),,,,,,,,,,,,,,,,,,,,,,,,,,,,,,,,,,,,,,,,,,,,,,,,,,,,,,,,,,,,,,,,,,,,,,
제제,동죽칼국수(9000원),낙지해물파전(13000원),물총조개탕(12000원),호랑이막걸리(5000원),지평생막걸리(5000원),밤막걸리(5000원),느린마을(6000원),,,,,,,,,,,,,,,,,,,,,,,,,,,,,,,,,,,,,,,,,,,,,,,,,,,,,,,,,,,,,,,,,,,,,,,,,,,,,,
조조칼국수 성수점,죠죠 오코노미야끼인기대표(16000원),죠죠 오코노미야끼인기대표(16000원),죠죠 오코노미야끼인기대표(16000원),카이센 오코노미야끼(13000원),부타 오코노미야끼(11000원),,,,,,,,,,,,,,,,,,,,,,,,,,,,,,,,,,,,,,,,,,,,,,,,,,,,,,,,,,,,,,,,,,,,,,,,,,,,,,,,
죠죠 성수점,발사믹 꿔바로우(23000원),차돌 마라크림 짬뽕(19500원),바질새우춘권(15000원),어향가지와 부라타치즈 튀김(19000원),볼로냐 두부(19500원),크림리조또 공기밥(4000원),봉골레울면(19500원),해산물 바질 짬뽕(19500원),탄탄파스타(19500원),바삭한 쯔란새우(22000원),유로피안 동파육(28000원),마라크림 새우 리조또(28000원),마파 양갈비(39000원),봉골레 파스타(19500원),해산물 크림파스타(19500원),,,,,,,,,,,,,,,,,,,,,,,,,,,,,,,,,,,,,,,,,,,,,,,,,,,,,,,,,,,,,,,,,,,,,,
중앙감속기,들깨 우니파스타N(22000원),관자버터파스타N(22900원),차돌깻잎파스타N(16900원),마구로동N(16900원),후토마끼인기대표(16900원),후토마끼인기대표(16900원),카이센동대표(28900원),후토마끼인기대표(16900원),카이센동대표(28900원),호르몬동(15900원),사케동(16900원),마구로동N(16900원),들깨 우니파스타N(22000원),마제파스타(16900원),우니 바질파스타(24000원),명란 감태 까르보나라(16900원),관자버터파스타N(22900원),차돌깻잎파스타N(16900원),모듬카츠(18900원),밥추가(1000원),코카콜라(3000원),스프라이트(3000원),클럽소다(2900원),토닉워터(2900원),진저에일(2900원),,,,,,,,,,,,,,,,,,,,,,,,,,,,,,,,,,,,,,,,,,,,,,,,,,,,,,,,,,,,
진작다이닝,영국 3단 브런치(49000원),마세레이티드 덕 스테이크(39000원),비프웰링턴(48000원),세터데이 스테이크(45000원),셰퍼드파이(24000원),피쉬&칩스(32000원),영국식 치킨커리(23000원),아일랜드식 뇨끼(22000원),초록의 예찬;바질(24000원),퀸 마리;스카치에그 로제 리소토(23000원),노팅힐 해산물 토마토 리소토(22000원),뱅거스앤매쉬(19000원),캐저리;영국식크림리소토(22000원),코니시파스티(22000원),영국식감바스(21000원),,,,,,,,,,,,,,,,,,,,,,,,,,,,,,,,,,,,,,,,,,,,,,,,,,,,,,,,,,,,,,,,,,,,,,
차만다 서울숲점,연어 후토마끼(13900원),육회 후토마끼(13900원),텐동후토마끼(13900원),마라규동(12500원),항정살 명이 오일 파스타(14000원),통 베이컨 매콤 크림 파스타(15000원),초이 뼈 돈카츠(16500원),들기름 갓 소바(13000원),삿포로 스프카레(14000원),부타동(11000원),카츠산도(9000원),덮밥세트(33900원),파스타세트(36900원),카츠세트(39900원),망고 맥주(6000원),,,,,,,,,,,,,,,,,,,,,,,,,,,,,,,,,,,,,,,,,,,,,,,,,,,,,,,,,,,,,,,,,,,,,,
초이다이닝 성수점,연어 솥밥(18000원),전복장 솥밥(19000원),스테이크 솥밥(25000원),장어 솥밥(23000원),표고 멘보샤 4pc(14000원),언양식 납작불고기 솥밥(18000원),쵸린기(20000원),수비드 된장 통삼겹구이(25000원),,,,,,,,,,,,,,,,,,,,,,,,,,,,,,,,,,,,,,,,,,,,,,,,,,,,,,,,,,,,,,,,,,,,,,,,,,,,,
쵸리상경,토종-닭 야키토리(-1원),다리살 대파(3500원),다리살(3000원),가슴살무침(5000원),날개(4000원),어깨(3500원),코치스페샬(10000원),염통(2500원),모래집(3000원),목살(4000원),허벅지(3500원),연골(3500원),껍질(3500원),꼬리살(4000원),윗날개(3000원),,,,,,,,,,,,,,,,,,,,,,,,,,,,,,,,,,,,,,,,,,,,,,,,,,,,,,,,,,,,,,,,,,,,,,
코치,버터 시즈닝 문어 당근 퓨레(23000원),포르치니와 베이컨 크림 뇨끼(21000원),바질페스토 파스타(23000원),파스닙 퓨레 깔라마리 먹물 뇨끼(24000원),케일 샐러드(12000원),비프 타르트(15000원),발사미코 바질 부라타(17000원),가지 튀김(13000원),포르치니 뇨끼 생면 파스타 버전(22000원),화이트 라구(22000원),나폴레타나(23000원),양고기 볼로네제(24000원),비스큐(26000원),,,,,,,,,,,,,,,,,,,,,,,,,,,,,,,,,,,,,,,,,,,,,,,,,,,,,,,,,,,,,,,,,,,,,,,,
쿠나,또띠아추가 (무료)(0원),[ NEW ] 윙 & 닭껍질 치차론(11000원),비프 치미창가(16000원),[시그니처]갈릭소울 3단 파히타(42000원),서울숲 갈릭 그린 플래터(36000원),콘카르네 뚱새우 타코(2p)(11000원),치킨치미칠라다(매콤)(16000원),클래식파히타(36000원),갈릭머쉬룸타코(2p)(9000원),탄두리 치폴레 치킨 타코(2p)(9000원),스테이크 비프 타코(2p)(10000원),미트칠리프라이즈(9000원),버팔로윙(6p)(7000원),버팔로윙(8p)(9000원),리코타꿀버터(5000원),,,,,,,,,,,,,,,,,,,,,,,,,,,,,,,,,,,,,,,,,,,,,,,,,,,,,,,,,,,,,,,,,,,,,,
타코튜즈데이 성수 본점,에비가츠동(14000원),에비에비가츠동(17000원),대창소고기카레누들(15000원),모듬카레누들(17000원),치즈에비가츠동(16000원),더블미니치킨버거(10000원),,,,,,,,,,,,,,,,,,,,,,,,,,,,,,,,,,,,,,,,,,,,,,,,,,,,,,,,,,,,,,,,,,,,,,,,,,,,,,,
탐광,피칸테 로제파스타(18700원),풍기 에 우오보(24800원),부팔라 카프레제(18000원),버섯치즈리조또(19800원),해산물리조또(19800원),풍기샐러드(17000원),리코타샐러드(17000원),햄 플래터(20000원),루꼴라 감베로니(18700원),봉골레(18700원),알리오 올리요(초리죠)(17600원),피칸테 로제(19800원),볼로네제(20800원),감베로니 크레마(19800원),카르보나라(18700원),,,,,,,,,,,,,,,,,,,,,,,,,,,,,,,,,,,,,,,,,,,,,,,,,,,,,,,,,,,,,,,,,,,,,,
파르코,트러플 머쉬룸(34000원),슈퍼 파워 퍼프(32000원),페퍼로니(27000원),청양 페퍼로니(28000원),하프 엔 하프(-1원),미트볼 할라피뇨(30000원),파이브 치즈(27000원),올리브 엔 페퍼(26000원),하와이안(29000원),시금치 아티초크 피자(30000원),스파이시 크림 파스타(16000원),에그 인 헬??(16000원),버팔로윙(9000원),* 와인(보틀)(39000원),,,,,,,,,,,,,,,,,,,,,,,,,,,,,,,,,,,,,,,,,,,,,,,,,,,,,,,,,,,,,,,,,,,,,,,
퍼프피자,고사리뼈탕 (중2~3인분)(42000원),뼈칼국수(11000원),얼큰 뼈국밥(12000원),뼈국밥(11000원),옛날돈까스(12000원),비빔칼국수(10000원),얼큰 뼈칼국수(12000원),고사리뼈탕 대(3~4인분)(49000원),고기부추만두(6000원),삼겹수육 반접시(150g)(15000원),삼겹수육 한접시(300g)(25000원),삼겹수육 큰접시(500g)(35000원),,,,,,,,,,,,,,,,,,,,,,,,,,,,,,,,,,,,,,,,,,,,,,,,,,,,,,,,,,,,,,,,,,,,,,,,,
평이담백뼈칼국수 성수점,바질페스토(pasta)(24000원),라자냐(25000원),한우 티본 스테이크(69000원),뇨끼(25000원),문어요리(36000원),All-you-want pasta(-1원),해산물(pasta)(26000원),뽀모도로 부라타(pasta)(25000원),버섯 리조또(25000원),셰프 스페셜(-1원),데일리 스프(soup)(12000원),리코타 샐러드(salad)(16000원),발효종브레드(8000원),올리브(8000원),초콜릿 브라우니(12000원),,,,,,,,,,,,,,,,,,,,,,,,,,,,,,,,,,,,,,,,,,,,,,,,,,,,,,,,,,,,,,,,,,,,,,
포피나,김 새우 파스타(17000원),오니기리(3000원),까르보나라(18000원),스테이크(39000원),포테토 사라다(6000원),봉골레 파스타(16000원),크림 카라멜 푸딩(8000원),가쓰오 뽀모도로(16000원),,,,,,,,,,,,,,,,,,,,,,,,,,,,,,,,,,,,,,,,,,,,,,,,,,,,,,,,,,,,,,,,,,,,,,,,,,,,,
프레고클럽,하노이 쌀국수(9000원),분보남보(13000원),껌스언(12000원),반쎄오(15000원),짜까 오픈토스트(16000원),해산물 누들 샐러드(13000원),후에식 매운 쌀국수(12000원),청귤치킨 with 곡물라이스(15000원),반미(8000원),망고스틴주스(4000원),리치주스(4000원),,,,,,,,,,,,,,,,,,,,,,,,,,,,,,,,,,,,,,,,,,,,,,,,,,,,,,,,,,,,,,,,,,,,,,,,,,
하노이102,한양쌀떡볶이(5000원),한양김밥(5000원),튀김한접시(5000원),쌀오뎅(2000원),한양오뎅(1500원),물떡(1500원),떡츄로스(1000원),우동(8000원),,,,,,,,,,,,,,,,,,,,,,,,,,,,,,,,,,,,,,,,,,,,,,,,,,,,,,,,,,,,,,,,,,,,,,,,,,,,,
한양떡방앗간 성수,고추장불고기(평일점심특선)(8000원),버섯불고기(평일점심특선)(8000원),쌈밥정식(15000원),비빔밥불고기정식(15000원),한우떡갈비정식(17000원),생선구이정식(11000원),숨뼈국(11000원),간장돌게장(16000원),강경젓갈쌈밥(12000원),강경젓갈비빔밥(12000원),버섯부추비빔밥(10000원),한우떡갈비(34000원),직화바싹불고기(23000원),제육볶음(20000원),골뱅이소면(20000원),,,,,,,,,,,,,,,,,,,,,,,,,,,,,,,,,,,,,,,,,,,,,,,,,,,,,,,,,,,,,,,,,,,,,,
할머니의 레시피,큐브스테이크덮밥(12900원),카라이라멘(10500원),마제소바(10900원),경양식왕돈까스(10900원),고기듬뿍덮밥(10900원),항정살덮밥(11900원),소곱창덮밥(13900원),돼지갈비양념덮밥(10900원),연어덮밥(15900원),새우장덮밥(13900원),연어새우장덮밥(14900원),치킨마요덮밥(9900원),[정식]큐브스테이크덮밥(15900원),[정식]고기듬뿍덮밥(13900원),[정식]항정살덮밥(14900원),,,,,,,,,,,,,,,,,,,,,,,,,,,,,,,,,,,,,,,,,,,,,,,,,,,,,,,,,,,,,,,,,,,,,,
핵밥 성수본점,고소회(제철막회)(-1원),헤이든 군만두(12000원),마라크림파스타(생면)(21000원),탄탄미소곱창전골(26000원),헤이든 부타야끼(23000원),숯불 와규갈비살(26000원),타이 세비체(19000원),허연떡볶이(18000원),김명관튀김(18000원),고추유린기(23000원),칠리크랩(21000원),X.O계란볶음밥(16000원),토마토사라다(13000원),훈연 피순대(14000원),컬리플라워 난반(5000원),,,,,,,,,,,,,,,,,,,,,,,,,,,,,,,,,,,,,,,,,,,,,,,,,,,,,,,,,,,,,,,,,,,,,,
헤이든 성수점,짚불살치살타다끼(23000원),짚불스지찜(18000원),바지락시오나베(20000원),카라미소파스타(20000원),가지튀김(12000원),쿠로가라아게(18000원),해장우동(10000원),치쿠와튀김(9000원),일본식냉라멘 (여름한정판매)(9000원),포테토후라이(7000원),고구마샐러드(6000원),가래떡튀김(6000원),,,,,,,,,,,,,,,,,,,,,,,,,,,,,,,,,,,,,,,,,,,,,,,,,,,,,,,,,,,,,,,,,,,,,,,,,
호감도,마늘갈비(59000원),마늘갈비(99000원),LA 갈비(26000원),호보갈비(18500원),생고기 모듬한판(69000원),꿀살(17000원),고지방매니아삼겹살(18000원),생삼겹살(17000원),항정살(18000원),한우육회(28000원),갈비깍두기볶음밥(12000원),된장뚝배기(7000원),물냉면(7000원),나주식애호박찌개(8000원),진저얼그레이 하이볼(9000원),,,,,,,,,,,,,,,,,,,,,,,,,,,,,,,,,,,,,,,,,,,,,,,,,,,,,,,,,,,,,,,,,,,,,,
호보식당 성수직영점,가츠나베정식대표(17000원),사케동대표(18000원),우나기동대표(23000원),히레가츠정식대표(16000원),로스가츠정식(14000원),생선가츠정식(15000원),히레가츠정식대표(16000원),가츠나베정식대표(17000원),부타가쿠니정식(16000원),돈테키정식(18000원),오므라이스(15000원),소고기 규동(12000원),연어스테이크정식(22000원),우나기동대표(23000원),아보카도낫또동(13000원),사케동대표(18000원),사케도로동(20000원),사케이쿠라동(22000원),카이센동(24000원),명란파스타(18000원),1 모짜렐라치즈볼(8000원),2 감자크로켓(8000원),3 에비크림크로켓(9000원),4 왕새우 후라이(12000원),5 연어사시미(18000원),6 세이로무시(17000원),7 가라아게와감자튀김(18000원),,,,,,,,,,,,,,,,,,,,,,,,,,,,,,,,,,,,,,,,,,,,,,,,,,,,,,,,,,
호호식당 성수,짬뽕밥(6000원),홍보특밥(8000원),잡채밥(8000원),송이밥(8000원),탕수육 소(10000원),탕수육 중(20000원),탕수육 대(30000원),아메리카노(3000원),고추잡채(30000원),,,,,,,,,,,,,,,,,,,,,,,,,,,,,,,,,,,,,,,,,,,,,,,,,,,,,,,,,,,,,,,,,,,,,,,,,,,,
홍보석,훈연동<시그니처동>(31000원),우나기동(24000원),카이센동(19000원),야키토리(15000원),우나기동 <특>(39000원),카이센동<특>(27000원),규동(19000원),사케동(19000원),야키니쿠동(19000원),새우튀김(6000원),고로케(5000원),,,,,,,,,,,,,,,,,,,,,,,,,,,,,,,,,,,,,,,,,,,,,,,,,,,,,,,,,,,,,,,,,,,,,,,,,,
훈연,보쌈정식(15000원),손칼국수(9000원),보쌈 中(36000원),보쌈 大(42000원),감자전(16000원),해물파전(19000원),만두국(10000원),접시만두(10000원),,,,,,,,,,,,,,,,,,,,,,,,,,,,,,,,,,,,,,,,,,,,,,,,,,,,,,,,,,,,,,,,,,,,,,,,,,,,,
훼미리손칼국수보쌈,,,,,,,,,,,,,,,,,,,,,,,,,,,,,,,,,,,,,,,,,,,,,,,,,,,,,,,,,,,,,,,,,,,,,,,,,,,,,,,,,,,,,